Protein Accession,type,sequence
P59226,RS,TKQTAR
P59226,RS,KSTGGKAPR
P59226,RS,KQLATKAAR
P59226,RS,KSAPATGGVKKPHR
P59226,RS,KYQKSTELLIR
P59226,RS,KLPFQR
P59226,RS,EIAQDFKTDLR
P59226,AS,ARTKQTAR
P59226,AS,KSAPATGGVKKPHRFR
P59259,AS,GKGGKGLGKGGAK
P59259,AS,SGRGKGGKGLGKGGAKR
P59259,RS,GKGGKGLGKGGAKR
P59259,AS,GKGGKGLGKGGAKRHR
P59259,RS,DNIQGITKPAIR
P59259,AS,DNIQGITKPAIRR
P59259,RS,ISGLIYEETR
P59259,RS,GVLKIFLENVIR
P59259,RS,KTVTAMDVVYALKR
P59169,RS,TKQTAR
P59169,RS,KSTGGKAPR
P59169,RS,KQLATKAAR
P59169,RS,KSAPTTGGVKKPHR
P59169,RS,KYQKSTELLIR
P59259,RS,GVLKIFLENVIR
P59226,RS,FRPGTVALR
P59169,RS,YRPGTVALR
P62805,AS,SGRGKGGKGLGKGGAKR
P62805,AS,GKGGKGLGKGGAK
P62805,RS,GKGGKGLGKGGAKR
P62805,RS,ISGLIYEETR
P62805,AS,RISGLIYEETR
P68431,RS,KSTGGKAPR
P68431,RS,KQLATKAAR
P68431,RS,KSAPATGGVKKPHR
P68431,AS,RYQKSTELLIR
P68431,RS,YQKSTELLIR
P68431,RS,YPTGTVALR
